Model,Cosine_Similarity,Euclidean_Distance,Manhattan_Distance,TOPSIS_Score,Rank
BERT,0.92,1.5,6.2,0.6171312955540621,3.0
RoBERTa,0.94,1.3,5.8,1.0,1.0
XLNet,0.91,1.6,6.5,0.4044110986054811,4.0
USE,0.93,1.4,6.0,0.8083499902021358,2.0
ALBERT,0.9,1.7,6.8,0.19165000979786467,5.0
DistilBERT,0.89,1.8,7.0,0.0,6.0
